{"cameraMode":{"drawMode":0,"name":"Shaded","section":"Shading Mode"},"sceneLighting":true,"audioPlay":false,"sceneViewState":{"m_AlwaysRefresh":false,"showFog":true,"showSkybox":false,"showFlares":true,"showImageEffects":true,"showParticleSystems":true,"showVisualEffectGraphs":true,"m_FxEnabled":true},"in2DMode":false,"pivot":{"x":-0.9850664734840393,"y":0.42635196447372439,"z":-0.21951818466186524},"rotation":{"x":0.20230647921562196,"y":0.3330342173576355,"z":-0.0733872577548027,"w":0.918046236038208},"size":0.6534968614578247,"orthographic":false}