{"cameraMode":{"drawMode":0,"name":"Shaded","section":"Shading Mode"},"sceneLighting":true,"audioPlay":false,"sceneViewState":{"m_AlwaysRefresh":false,"showFog":true,"showSkybox":false,"showFlares":true,"showImageEffects":true,"showParticleSystems":true,"showVisualEffectGraphs":true,"m_FxEnabled":true},"in2DMode":false,"pivot":{"x":89.65309143066406,"y":-42.10029220581055,"z":-179.9467315673828},"rotation":{"x":-0.02795609086751938,"y":0.19368788599967957,"z":0.005521625280380249,"w":0.9806498885154724},"size":1.8635001182556153,"orthographic":false}