{"cameraMode":{"drawMode":0,"name":"Shaded","section":"Shading Mode"},"sceneLighting":false,"audioPlay":false,"sceneViewState":{"m_AlwaysRefresh":false,"showFog":true,"showSkybox":false,"showFlares":true,"showImageEffects":true,"showParticleSystems":true,"showVisualEffectGraphs":true,"m_FxEnabled":true},"in2DMode":false,"pivot":{"x":0.43805429339408877,"y":-0.4172271490097046,"z":0.835659921169281},"rotation":{"x":0.7060425877571106,"y":0.0021245048847049476,"z":-0.0021181385964155199,"w":0.7081641554832459},"size":0.7637832164764404,"orthographic":false}