{"cameraMode":{"drawMode":0,"name":"Shaded","section":"Shading Mode"},"sceneLighting":false,"audioPlay":false,"sceneViewState":{"m_AlwaysRefresh":false,"showFog":true,"showSkybox":false,"showFlares":true,"showImageEffects":true,"showParticleSystems":true,"showVisualEffectGraphs":true,"m_FxEnabled":true},"in2DMode":false,"pivot":{"x":-6.05359673500061e-9,"y":0.025620000436902047,"z":-0.15600000321865083},"rotation":{"x":0.09042108803987503,"y":-0.5265110731124878,"z":0.056483760476112369,"w":0.8435298800468445},"size":0.00939793698489666,"orthographic":false}