{"cameraMode":{"drawMode":0,"name":"Shaded","section":"Shading Mode"},"sceneLighting":false,"audioPlay":false,"sceneViewState":{"m_AlwaysRefresh":false,"showFog":true,"showSkybox":false,"showFlares":true,"showImageEffects":true,"showParticleSystems":true,"showVisualEffectGraphs":true,"m_FxEnabled":true},"in2DMode":false,"pivot":{"x":-6.501984596252441,"y":67.00434112548828,"z":-6.9140143394470219},"rotation":{"x":0.23374074697494508,"y":0.09200957417488098,"z":-0.022238843142986299,"w":0.9677239060401917},"size":4.209824562072754,"orthographic":false}