{"cameraMode":{"drawMode":0,"name":"Shaded","section":"Shading Mode"},"sceneLighting":false,"audioPlay":false,"sceneViewState":{"m_AlwaysRefresh":false,"showFog":true,"showSkybox":false,"showFlares":true,"showImageEffects":true,"showParticleSystems":true,"showVisualEffectGraphs":true,"m_FxEnabled":true},"in2DMode":false,"pivot":{"x":283.75738525390627,"y":362.98748779296877,"z":12.84881591796875},"rotation":{"x":0.00749888364225626,"y":0.016498781740665437,"z":-0.00012374068319331855,"w":0.9998365640640259},"size":323.03143310546877,"orthographic":true}