{"cameraMode":{"drawMode":0,"name":"Shaded","section":"Shading Mode"},"sceneLighting":false,"audioPlay":false,"sceneViewState":{"m_AlwaysRefresh":false,"showFog":true,"showSkybox":false,"showFlares":true,"showImageEffects":true,"showParticleSystems":true,"showVisualEffectGraphs":true,"m_FxEnabled":true},"in2DMode":false,"pivot":{"x":150.21475219726563,"y":31.28475570678711,"z":0.21240000426769257},"rotation":{"x":0.029871486127376558,"y":-0.9670627117156982,"z":-0.21371953189373017,"w":-0.1352037787437439},"size":0.12941308319568635,"orthographic":false}