{"cameraMode":{"drawMode":0,"name":"Shaded","section":"Shading Mode"},"sceneLighting":false,"audioPlay":false,"sceneViewState":{"m_AlwaysRefresh":false,"showFog":true,"showSkybox":false,"showFlares":true,"showImageEffects":true,"showParticleSystems":true,"showVisualEffectGraphs":true,"m_FxEnabled":true},"in2DMode":false,"pivot":{"x":148.5050048828125,"y":37.016544342041019,"z":1.0223665237426758},"rotation":{"x":-0.08658401668071747,"y":-0.7760945558547974,"z":0.10920383781194687,"w":-0.6151305437088013},"size":0.43301260471343996,"orthographic":false}