{"cameraMode":{"drawMode":0,"name":"Shaded","section":"Shading Mode"},"sceneLighting":false,"audioPlay":false,"sceneViewState":{"m_AlwaysRefresh":false,"showFog":true,"showSkybox":false,"showFlares":true,"showImageEffects":true,"showParticleSystems":true,"showVisualEffectGraphs":true,"m_FxEnabled":true},"in2DMode":false,"pivot":{"x":332.62908935546877,"y":342.28985595703127,"z":24.563549041748048},"rotation":{"x":0.00749888364225626,"y":0.016498781740665437,"z":-0.00012374068319331855,"w":0.9998365640640259},"size":249.90316772460938,"orthographic":true}