{"cameraMode":{"drawMode":0,"name":"Shaded","section":"Shading Mode"},"sceneLighting":false,"audioPlay":false,"sceneViewState":{"m_AlwaysRefresh":false,"showFog":true,"showSkybox":false,"showFlares":true,"showImageEffects":true,"showParticleSystems":true,"showVisualEffectGraphs":true,"m_FxEnabled":true},"in2DMode":false,"pivot":{"x":-0.3447154462337494,"y":-0.8578466176986694,"z":0.020393824204802514},"rotation":{"x":0.343634694814682,"y":0.4862486720085144,"z":-0.21592126786708833,"w":0.7738586664199829},"size":4.7650628089904789,"orthographic":false}